1,978,3,14,coaching,1990-3-23,174254094,994402775,249
2,142,7,342,falls,2003-3-12,245571927,104785756,379
3,190,5,992,frequently,1991-11-13,238294744,301304222,314
4,529,5,888,caused,2012-4-17,157166341,333329039,240
5,74,3,530,lab,2019-4-26,73779552,931751988,462
6,610,7,964,static,1994-6-9,149921155,620810209,433
7,920,9,836,opportunity,1999-6-1,175298425,225003919,414
8,95,8,116,just,1996-12-23,33861129,954630091,442
9,53,9,692,parks,1991-2-23,41594570,801239185,335
10,281,5,917,stable,2004-6-3,8675086,717745362,251
11,537,5,252,img,2006-9-28,119216075,777765668,378
12,483,5,211,ownership,2005-8-11,11311524,612777883,285
13,570,6,72,lecture,2015-1-5,45366794,61627917,306
14,779,6,3,gender,1999-4-11,73014959,629054603,358
15,459,5,465,gas,2005-3-2,152712901,690065188,368
16,773,6,808,password,1997-7-15,82357844,846851497,284
17,988,9,656,characters,1997-2-28,249075957,185729577,178
18,106,8,873,citizen,2013-7-3,181444701,142593571,387
19,838,7,874,holds,2004-7-18,203952056,601427898,253
20,52,2,223,yours,1996-2-27,21599791,632775036,319
21,674,9,415,acute,2016-4-23,31897147,135388649,244
22,682,5,120,philips,2016-11-4,149779335,267029995,320
23,341,1,395,comprehensive,2009-9-12,159707222,501145048,196
24,167,2,654,diversity,2016-6-23,51934684,150589414,163
25,554,7,369,outsourcing,1991-12-22,113733489,795503487,400
26,697,6,93,whole,2001-7-4,192794543,184099267,240
27,192,5,586,par,2011-5-13,180916416,574415064,411
28,522,9,362,jury,1997-10-22,114904258,336187872,382
29,438,8,97,specialists,2014-8-13,68914928,887181364,154
30,457,4,297,campus,1998-4-21,153758547,978208465,384
31,982,4,360,input,2018-12-26,113861684,237829502,386
32,810,5,519,recognized,2002-8-7,197840522,781915159,162
33,605,2,934,paragraph,2017-2-11,96651244,603570145,455
34,713,7,337,happens,2002-8-10,207593512,395499690,327
35,579,5,338,white,2006-8-8,18366553,332118500,224
36,359,9,156,drink,2003-4-3,55525573,753009357,159
37,243,3,238,then,2013-5-23,38281956,682033158,405
38,517,4,31,bb,2012-10-11,212509890,83294535,225
39,145,2,597,glance,2012-1-6,210173925,454494983,299
40,801,8,967,licensing,2000-6-3,64169421,682336407,179
41,131,9,746,vehicle,2015-12-28,162481687,600306943,208
42,414,8,347,immediately,1995-12-27,152931737,144047662,493
43,845,2,756,charter,2000-1-18,223486500,296704008,273
44,193,2,30,grants,1995-9-23,86710358,55341034,184
45,666,3,866,yield,2017-10-12,206346013,38081839,395
46,360,5,833,is,2017-12-21,234236555,269695149,471
47,870,4,81,jason,1995-4-4,3345563,269788217,356
48,322,3,472,empty,1996-11-2,114052515,873430411,406
49,250,6,635,anyone,2020-12-22,116123789,731351013,164
50,840,2,981,disabilities,2001-2-26,134027901,104944278,305
51,490,7,404,ak,2009-11-2,181805710,39961606,294
52,477,6,206,transfers,2008-9-5,141077222,193481494,360
53,327,2,836,disaster,2003-8-13,137769198,116994839,223
54,423,4,841,hiking,2001-1-14,54614303,194704745,227
55,208,8,407,india,2007-2-14,213736259,330418749,342
56,702,1,828,va,1996-4-28,183652577,446126489,268
57,122,6,771,compact,2006-4-3,210696919,871315765,413
58,949,8,279,vinyl,2007-11-11,226421311,797117190,289
59,862,7,751,lake,2011-12-14,195455550,440836996,285
60,720,5,878,products,2020-1-26,139734975,89935842,291
61,133,8,550,radar,2020-1-27,138937784,987639746,285
62,128,4,109,trace,2020-3-22,37147615,481648072,254
63,66,7,68,accident,1998-9-2,206700264,598228500,407
64,294,9,105,moderate,2010-4-1,191949895,265228299,377
65,272,4,175,excellence,2002-5-1,17426171,698370635,151
66,558,7,580,gary,2012-4-3,95591542,72360709,400
67,770,9,290,four,1994-2-17,131445177,675629740,485
68,320,7,356,las,1992-4-18,164529045,437644336,238
69,476,3,972,logical,1997-8-9,45403139,412482960,421
70,440,8,284,medication,2018-9-15,204686354,956985902,295
71,24,7,429,idaho,1993-11-19,183521895,720600547,263
72,922,6,602,fear,1999-10-12,55318263,802385455,310
73,706,6,984,dispatched,1999-9-7,139480557,635141245,218
74,914,7,55,holdem,2003-2-14,71445643,570047230,399
75,976,7,60,studios,2009-10-13,158671800,310574598,491
76,163,9,736,pt,1996-2-25,118819542,196712341,216
77,479,5,559,meter,2015-4-28,43286589,490187089,258
78,974,6,611,mention,2016-11-28,107128491,145160491,455
79,484,7,613,statistics,2019-9-21,214996963,805010665,242
80,301,9,877,wednesday,2020-9-16,214309830,235535392,492
81,312,5,331,di,1997-12-6,30485003,213678122,397
82,25,3,731,occurs,2009-9-6,140400406,10288525,392
83,746,2,40,bond,1992-4-6,201003148,323563232,205
84,318,3,43,jersey,2020-6-18,53050865,815568763,490
85,909,7,14,suite,2003-4-5,11398825,39523497,351
86,538,1,841,demands,2016-7-23,67617425,917320103,306
87,241,5,117,railway,2019-5-25,7163443,251037128,415
88,347,3,924,exists,2004-12-12,88871113,18347913,406
89,429,5,651,anne,2011-7-28,36664403,69843489,444
90,115,7,446,phentermine,2007-8-24,217739912,96935835,431
91,805,4,972,further,2000-10-7,15221556,206776709,171
92,760,8,246,equity,2009-3-19,72831294,260525445,434
93,892,5,934,password,2008-4-10,146319385,818564874,357
94,455,3,740,hop,2017-4-12,162507479,901454314,176
95,194,4,299,discussions,2012-4-5,222505196,738609978,376
96,782,6,268,strip,1990-11-4,182404834,842017399,320
97,935,5,364,australian,1998-6-5,74941475,160206603,223
98,10,7,698,duke,2014-8-21,33832582,17405691,484
99,540,9,395,billing,1993-6-25,146578544,84862967,246
100,871,2,668,button,1992-5-5,5343619,847984027,221
101,196,7,645,legislation,2020-4-1,6409309,770932889,153
102,818,9,600,poland,2011-11-21,229905202,46427658,225
103,417,8,55,dvd,2004-2-27,26705392,514720951,385
104,123,3,858,combo,2000-10-4,177656695,94343806,287
105,21,1,738,comments,2011-2-6,86660058,112557701,249
106,766,1,501,club,2000-2-2,226980732,756865240,409
107,475,6,377,ships,2019-10-14,156369602,59139017,345
108,323,8,628,responsibility,2006-1-22,231586157,982645760,362
109,556,3,925,pair,2009-10-11,207862447,914044731,249
110,926,2,1000,butt,2015-4-21,148639125,965596924,380
111,644,8,371,represents,2005-7-4,122527338,263396254,398
112,171,2,593,really,2006-10-11,158745073,448121553,354
113,1000,6,83,britney,2016-10-5,204482060,471670397,283
114,240,4,544,extreme,2017-1-3,64032987,244827758,357
115,20,2,297,catch,2002-8-18,147957345,21513131,480
116,267,7,744,sec,2001-7-7,140060012,429161509,171
117,889,8,582,alaska,2001-5-26,31111462,310161233,375
118,174,2,748,soccer,2018-11-1,149236739,700062794,276
119,761,5,807,it,2010-10-16,36052942,506715124,186
120,105,6,803,excerpt,2001-7-15,134423979,926205302,479
121,513,6,917,detailed,2007-12-22,40826554,114685761,256
122,2,2,38,life,2017-9-15,96298399,807354906,487
123,215,6,129,delivery,2018-8-4,131207701,646648522,155
124,130,9,45,essay,2020-10-5,66100625,973568729,342
125,638,5,384,builder,1999-11-19,235806506,901263455,206
126,424,1,489,plates,2007-6-10,181955575,966684685,186
127,849,1,431,residential,2010-11-1,190030425,362482174,490
128,345,7,224,aid,2009-6-12,142182891,956386519,200
129,574,6,317,zum,2011-2-27,216653800,305398811,181
130,148,4,997,champion,2014-2-12,3823241,192036994,309
131,940,4,510,died,1993-3-17,27175052,403318170,236
132,897,6,12,romania,2018-2-23,73807154,321891344,339
133,285,1,672,et,2011-10-10,110408354,357498867,355
134,934,3,448,res,2005-11-25,17533037,187556874,152
135,738,3,652,award,1997-9-10,186918640,243217765,289
136,87,9,268,capital,2004-8-3,190807010,155268831,157
137,487,1,506,hosted,2012-9-14,18409207,747280262,199
138,617,6,265,killing,2004-10-23,1409759,657688781,224
139,496,4,468,shared,1993-7-5,77824555,665311948,457
140,679,4,572,highlights,2016-7-15,741176,281648579,224
141,403,1,834,blow,1994-2-21,55892909,189956232,449
142,88,5,653,abc,1997-10-11,30859276,273143151,495
143,564,4,15,penis,1994-3-27,180938730,483473294,391
144,462,5,891,md,2006-9-20,59208912,756317869,268
145,82,4,351,gateway,1997-7-24,199877785,747010288,371
146,560,5,912,square,2019-10-19,24462254,543749341,172
147,29,6,726,filter,2008-5-9,189114392,699727369,325
148,437,7,759,conservation,2014-12-10,106770277,767343452,406
149,606,2,548,cock,2020-7-16,216775742,692595609,210
150,880,9,353,material,1997-2-9,222052430,577364692,304
151,421,1,419,things,2013-4-2,17613015,984830044,236
152,207,9,306,bike,1991-4-8,104240321,611939376,201
153,386,5,780,daily,2009-4-26,190148201,547019546,272
154,703,7,355,essays,2020-10-17,195377828,947081153,489
155,576,2,12,cutting,1995-12-12,133111467,689779095,175
156,566,5,315,really,2020-6-25,5608584,546476150,360
157,159,1,723,van,2019-4-14,15077089,455827822,167
158,816,7,984,entitled,1992-9-26,40058941,794292160,228
159,507,5,314,pee,2019-1-6,130773671,624108807,376
160,482,9,545,las,1991-3-10,134045414,963906786,404
161,420,1,358,cabinet,2015-6-3,45276521,745133567,498
162,527,5,50,wed,1993-1-25,153582428,212503715,441
163,608,3,692,cycling,1994-2-10,97300980,861273871,317
164,216,7,557,charts,2015-12-9,59615034,628843740,253
165,197,8,555,stand,2015-8-21,221123385,570712162,261
166,451,9,460,corrections,1990-1-10,198124570,186637682,228
167,353,4,200,felt,2002-3-22,50901938,216104982,219
168,899,1,604,nov,2016-1-24,242881352,841401078,193
169,860,7,800,bill,2011-2-17,157209009,311344413,407
170,56,4,526,quiet,2014-6-24,106751210,233024751,289
171,203,8,561,latter,2000-10-21,204006993,34843391,328
172,460,9,814,award,2010-10-20,11725925,767360493,376
173,37,4,612,circle,1998-10-2,70300438,339087602,287
174,863,3,963,if,2002-8-1,99952753,865090388,323
175,929,3,41,remote,2000-7-24,189838602,879368551,258
176,998,4,200,impact,2017-5-16,21550950,565411846,173
177,912,6,857,me,2010-8-10,186984848,356063390,244
178,520,1,764,magnetic,1995-8-2,6313571,475341633,374
179,784,8,857,compatible,2016-4-4,76024870,358836929,237
180,669,7,239,output,2020-9-20,32969804,563586259,342
181,614,7,534,cyprus,2001-4-23,41772949,422467492,173
182,506,4,5,basics,2002-1-22,143905659,143220466,326
183,375,8,119,sounds,2004-6-10,116785503,455783673,469
184,964,7,279,latest,1990-6-13,31907283,255763633,268
185,377,6,913,adopted,2007-7-1,198036147,190996941,263
186,657,8,821,arena,2010-12-5,118574011,983157163,496
187,661,3,111,silk,2000-7-25,198687595,840713772,304
188,667,4,42,bodies,2019-2-15,98693127,508087563,412
189,952,6,598,immediate,2019-5-20,65069048,654045985,489
190,371,9,961,browse,1993-8-26,64755474,745697633,294
191,296,5,350,guys,1991-3-2,240988805,107975346,336
192,767,2,813,vice,2001-7-28,142179842,820203759,305
193,205,1,868,male,2017-7-11,187117258,561360506,211
194,165,1,227,km,2000-7-28,106346644,382291466,484
195,716,7,993,farm,2000-1-17,113236740,938903664,152
196,103,8,534,chance,2011-5-5,151713701,883674132,186
197,18,8,955,separate,2020-6-11,28452980,754775018,343
198,385,1,330,developers,1998-7-22,91471382,656772026,444
199,161,5,124,hat,2016-5-26,235040026,906741398,408
200,233,3,931,picks,1996-9-20,77448395,79541961,394
201,577,8,109,aka,1999-2-11,21172839,21557162,370
202,471,3,464,investors,2008-4-8,169244791,965267975,170
203,313,5,943,seems,2000-9-4,136383321,70352746,247
204,84,7,444,serve,2000-10-2,29084356,275982057,341
205,581,6,60,closely,2003-5-18,160500609,567431215,464
206,185,7,555,allow,1994-12-10,6791764,141303501,195
207,326,6,155,field,2020-5-6,23892861,487598583,178
208,179,1,997,high,2016-4-16,50593244,797257439,182
209,563,4,227,arab,2002-12-1,176093085,839405906,251
210,124,4,768,boots,2005-3-8,157351401,791974863,217
211,872,4,852,default,1990-9-3,75354586,462199438,370
212,641,5,723,deal,1999-11-18,189566570,878787654,438
213,855,9,334,normal,1994-2-14,32653190,761867101,320
214,256,2,349,nancy,2003-4-17,121833175,887760751,256
215,217,7,797,boots,2018-10-21,112725538,758101177,351
216,672,5,600,iraq,1990-1-18,10428287,85971069,386
217,928,2,469,neither,2002-4-1,25709666,220505769,254
218,78,3,923,processed,2013-3-19,137344985,723972790,449
219,582,9,237,decade,2008-5-24,159702486,104856837,156
220,942,7,266,thousand,2000-3-13,116518411,723952426,326
221,680,7,828,february,1998-9-23,32192868,878808632,185
222,815,4,553,ultra,2006-5-18,155983150,901662044,402
223,68,1,714,order,1996-11-8,233651688,253711794,418
224,71,2,273,requiring,1993-5-17,138398970,701160568,265
225,432,5,879,qty,2006-7-5,49952265,976080913,246
226,762,8,418,combination,2005-8-10,141628684,785987385,350
227,491,7,62,www,1995-7-7,171152169,661798398,361
228,861,8,80,literature,2015-1-20,144404211,738563211,465
229,621,6,630,super,1995-12-20,14894797,954184207,345
230,248,5,374,electronics,2011-10-21,172436002,999837241,220
231,364,5,800,awareness,2018-12-17,105839374,742215467,196
232,993,1,279,lite,1993-1-6,6155277,61166011,313
233,941,5,722,small,2006-1-5,43193494,818121981,370
234,664,9,953,org,1995-10-2,128373652,114831710,474
235,691,4,249,click,2001-1-7,83678086,778698444,215
236,282,2,707,forum,1999-6-26,249323409,242851697,340
237,355,7,110,husband,2009-8-25,92513664,988661592,213
238,302,3,717,steps,2014-9-27,115704029,709586318,492
239,902,4,63,bass,2007-10-24,47387199,850800775,270
240,653,2,81,enforcement,2005-9-23,91091291,815540567,403
241,304,7,251,eye,2019-10-23,91269908,581291443,412
242,686,9,270,giant,1994-1-5,242996039,497544851,284
243,41,4,405,pioneer,2001-6-26,84809228,72012801,336
244,754,6,252,enemy,2002-10-5,164223478,909920653,483
245,40,3,866,convenience,2000-6-5,186263731,242094113,160
246,328,7,583,terry,2011-7-26,2286105,335100469,197
247,307,8,343,imaging,2018-6-15,145876526,998536335,484
248,393,7,378,services,1999-1-5,90959654,907602674,410
249,46,3,741,horses,2001-1-12,211618310,675066116,157
250,809,6,83,speaker,2008-11-15,86126749,444811192,231
251,887,4,516,intended,2012-11-18,185455692,309923461,206
252,701,2,7,photoshop,2014-10-17,201778012,127251597,221
253,465,1,184,clearly,2009-12-19,12540020,785883385,232
254,502,7,249,shadow,2009-9-15,62022304,694953970,386
255,532,7,539,filled,1993-11-4,209834873,787807930,413
256,625,7,888,issues,1999-11-11,143004057,935313008,292
257,939,6,12,plastic,1993-9-26,151991288,561925435,226
258,112,8,329,school,2018-7-20,109282551,415301647,251
259,559,3,32,function,2017-10-24,44195988,543243680,418
260,473,3,254,bands,2007-6-9,158264075,780959284,385
261,422,7,823,jennifer,2005-1-13,212884631,261725496,414
262,419,9,39,mechanisms,1999-9-5,184104112,722886136,361
263,488,4,125,grass,2010-5-1,94712746,196870576,160
264,611,6,195,religious,2020-7-4,147589879,328284635,244
265,346,1,747,side,2019-7-10,208548951,933088728,323
266,246,9,189,pay,2001-6-21,131440434,407704882,377
267,787,2,264,poetry,2007-11-13,183590427,545457150,318
268,533,1,869,despite,2008-11-28,240657908,419979209,427
269,158,3,75,guess,2007-11-26,32977192,570002360,266
270,389,7,856,disability,1995-5-12,71881379,181812759,309
271,937,6,864,ralph,1991-3-25,223737610,154005228,189
272,793,3,662,appear,2020-8-23,240494534,943966815,283
273,708,9,881,pdt,2018-5-27,230484901,965272074,223
274,821,1,298,thermal,2017-5-23,124048164,127670818,281
275,633,7,535,track,1997-11-19,108436784,492298519,282
276,747,8,492,airport,1999-12-2,173379146,900454661,346
277,777,3,298,matrix,2007-5-10,150459985,550991004,452
278,539,6,575,dining,2007-10-28,32622016,760499005,439
279,846,2,209,pipeline,2001-3-13,32962840,92207034,247
280,675,1,837,songs,2004-10-21,154233054,898308604,258
281,927,2,898,cross,1997-10-28,40514320,595477992,386
282,645,8,195,orchestra,1999-4-12,8319701,702416273,415
283,132,3,983,channels,2000-1-19,105090221,31515071,299
284,85,6,630,bread,2016-4-23,248168568,381836692,179
285,547,1,733,final,1998-2-8,172062944,984419213,211
286,521,9,635,vast,2014-6-13,28906612,787897353,355
287,619,7,290,ones,2017-9-28,123354536,495346192,359
288,344,1,659,center,1996-6-8,79074290,20234501,359
289,108,5,376,brad,2018-12-15,160830820,648461648,247
290,35,2,114,photos,2010-3-18,221886717,582958644,306
291,931,9,565,trim,1995-8-7,185599296,635448669,433
292,486,8,181,jimmy,2017-12-24,25083924,952834224,279
293,585,5,94,march,2016-9-1,71829311,927300957,247
294,494,1,253,fl,1998-3-25,13970365,919672395,275
295,409,1,399,webmaster,2019-4-11,113505580,196645375,417
296,80,9,830,instructor,1993-5-27,171822311,926612241,473
297,740,7,868,rose,2004-1-16,165097098,614073710,167
298,445,6,478,comply,2019-12-27,71168700,263454798,420
299,268,1,169,restaurant,2008-11-15,75669111,503374016,325
300,780,2,450,steering,1999-11-9,103497654,726370881,468
301,97,6,195,fat,1990-1-25,83569098,685725947,199
302,49,4,515,forgot,1995-5-11,111402001,155911874,354
303,882,6,90,pdf,1994-1-25,133315642,563007806,191
304,47,7,271,bright,2008-8-12,181927137,218254538,198
305,791,4,721,stainless,1994-9-2,123272300,837476947,424
306,257,6,812,estimates,2016-9-16,176304576,181133472,463
307,688,6,93,egypt,1999-6-4,55433923,701568040,438
308,736,8,646,changing,1995-9-14,218413208,446360527,419
309,884,8,624,thing,2017-3-24,193228523,479358793,152
310,126,7,790,creating,2003-1-23,14633909,510358220,433
311,287,4,368,god,2014-11-28,125830450,294309140,406
312,528,7,758,insert,2006-7-18,42413810,708707140,186
313,306,6,890,aims,2011-6-27,139516046,84259899,308
314,957,7,584,vendor,1996-1-23,69125636,284113655,161
315,967,9,169,machine,2016-11-26,69393784,352413389,357
316,154,4,412,greek,2007-7-15,109187580,548589624,243
317,289,5,987,showed,2004-8-3,128742005,990083925,349
318,596,1,518,roles,2007-12-14,174013673,523301302,354
319,705,4,415,industries,2018-8-27,196879382,281047980,314
320,503,9,374,exchange,2010-9-1,80492848,858300233,370
321,996,6,857,sense,2000-11-8,194651576,563993518,445
322,947,5,717,attention,1996-5-26,144606672,222546945,274
323,944,6,960,western,1994-7-8,111768706,609495924,354
324,673,5,597,grand,2019-7-27,10127827,190007737,434
325,848,5,176,bob,2014-10-11,221509869,295863812,460
326,26,8,42,principle,2002-1-11,247904376,568796714,355
327,114,6,379,solve,2018-3-17,155664408,610011205,190
328,485,7,876,jamaica,2004-8-15,4824418,931043724,207
329,258,9,504,rico,1993-7-3,154107635,669852867,364
330,395,6,244,logo,1995-8-25,180505977,105364845,155
331,316,8,946,everyone,2005-2-24,67869032,351869950,402
332,45,7,864,marie,1998-7-1,64682746,773784072,226
333,39,9,586,reproduction,1991-7-23,222231970,779840308,376
334,743,1,5,upload,2017-12-11,233893114,965344764,394
335,230,9,704,arts,1997-7-26,185859850,44052006,165
336,396,5,92,toy,2003-11-28,46073549,965959893,283
337,545,2,656,burn,1996-1-18,236243134,903195565,471
338,975,4,63,parks,2007-3-19,75852114,885660538,261
339,370,9,356,between,1999-10-3,88564968,165377898,441
340,153,2,214,bulgaria,2003-1-16,139169640,516670468,216
341,261,7,543,model,2003-3-26,236893643,269516663,305
342,157,3,247,created,1990-10-14,168649499,687400926,378
343,623,6,442,aluminum,2009-11-14,63301026,881213081,453
344,99,7,994,contemporary,1996-9-18,16681186,848441896,269
345,822,5,660,samuel,2005-6-9,239459997,11732871,366
346,900,2,535,slide,2009-6-24,90197770,114540507,444
347,162,2,589,covering,2017-9-14,52100752,758456259,380
348,828,5,632,rs,1992-8-4,110751521,876372124,397
349,980,2,186,pair,2019-7-22,153321917,15185987,291
350,799,6,995,college,1993-1-19,9851333,289845907,248
351,387,2,772,vision,2010-8-12,187240735,194281078,212
352,726,4,654,electric,2006-1-16,80823098,731239177,225
353,877,5,709,hot,2001-3-23,153517962,778661016,313
354,151,2,266,transit,2011-9-8,73787734,108889061,443
355,199,4,603,back,2003-1-5,65150269,654365633,441
356,956,5,918,scottish,2014-1-17,141053945,490568125,221
357,284,6,169,ensuring,1993-9-15,161921543,363379429,302
358,886,4,280,device,2018-7-21,42072810,716005865,475
359,104,1,290,plant,2009-3-11,16578101,406564685,280
360,933,2,562,delay,1998-5-24,94845792,824125511,328
361,893,8,853,tone,2016-3-23,240806744,85441257,423
362,177,9,985,sexcam,1998-11-28,133516714,945572313,283
363,125,7,147,pounds,1994-10-1,92214115,333069905,381
364,707,8,436,ed,2001-7-20,210767090,179323457,472
365,117,9,618,discovery,1998-4-20,55062447,503415762,413
366,363,5,17,another,2004-8-13,202675863,476895387,193
367,658,3,144,signature,1998-7-16,207688401,814493074,335
368,755,8,622,cherry,1993-3-4,127889907,478153693,192
369,983,3,572,ordered,1998-11-15,164065331,32570926,422
370,668,4,325,develop,2016-4-22,243997323,111879178,164
371,340,6,607,helping,1998-11-10,64790889,392067882,306
372,898,5,413,progress,1995-10-15,166957981,124344638,384
373,136,7,101,average,2007-8-22,129707865,2566074,183
374,210,7,550,helps,1995-8-13,246339814,825895255,194
375,54,4,430,outlook,2017-6-20,138377400,894424469,162
376,134,5,183,utility,2020-7-7,136925900,13719586,212
377,330,6,276,environmental,2009-4-12,236732106,174141043,265
378,36,8,534,hampshire,2018-4-5,128383011,625084981,342
379,717,5,288,tone,1993-5-10,151790583,339768007,271
380,324,5,901,golf,1992-3-24,223920399,533529863,244
381,817,2,748,life,1992-9-3,1556356,53509166,285
382,792,8,732,builder,2019-1-12,105259865,577851056,450
383,456,8,518,estimate,2011-1-24,114948281,315400176,238
384,86,9,218,nurses,2014-9-18,120485889,784473470,438
385,247,6,832,fully,2011-9-8,212717399,599497430,348
386,173,6,472,saving,1997-11-6,238108321,584926293,275
387,500,3,280,floral,2010-1-2,144356260,614782535,246
388,229,8,339,maintained,1994-1-6,127347498,206529929,394
389,362,9,915,nebraska,2014-11-14,228767350,64096415,397
390,343,1,660,manner,2015-8-5,239082590,645316463,193
391,44,1,765,women,2004-9-2,235306900,413316395,443
392,526,3,938,ratings,2002-11-9,53223796,507006276,467
393,188,9,714,dictionary,1992-9-25,71715809,88533661,473
394,622,8,598,glasses,2013-5-4,126888821,437673762,450
395,245,5,721,anime,2001-3-7,241981305,705655512,165
396,276,5,826,moon,1994-5-26,16548822,135343746,203
397,630,2,774,extremely,1994-8-14,186308498,667120293,462
398,183,1,814,throw,2014-4-14,153303819,830226925,445
399,367,5,586,sponsor,2000-7-20,49901063,447879438,362
400,410,2,911,objectives,1992-6-15,1651980,124475232,159
401,454,1,231,paintings,2004-5-3,73213694,872866133,182
402,873,7,62,express,2000-8-9,68068310,875478289,475
403,135,3,176,swedish,2020-8-12,134888073,47857569,336
404,612,6,552,fishing,2020-9-4,177987461,391260508,239
405,620,9,221,voted,2011-1-22,51785340,236305155,187
406,170,3,94,measured,2020-6-17,169888242,122086313,296
407,648,1,632,bestiality,2019-5-26,1161998,134563329,382
408,908,2,260,recognized,1998-10-24,22459323,401842715,320
409,260,2,69,rate,1996-10-10,94097731,794733054,248
410,876,1,101,today,2013-1-27,109611959,204621544,488
411,715,3,512,forget,2017-3-14,77461229,385000658,363
412,535,4,109,effort,1999-11-16,79396644,541047330,473
413,152,5,874,opt,2005-1-12,37697468,191026155,189
414,618,3,695,questions,2008-8-3,123116773,28669599,324
415,677,6,493,alien,1991-10-6,60122424,547352574,161
416,331,5,561,massachusetts,2004-6-25,204581643,868924363,234
417,864,2,292,structural,1993-3-16,5266983,225241414,390
418,388,1,945,freedom,2007-9-6,221139591,421374856,193
419,214,3,951,saudi,1998-7-10,46300625,254491906,481
420,116,1,335,seems,1993-3-25,29770559,419321053,166
421,447,8,911,hood,2009-10-14,124523778,589973450,323
422,741,8,557,sr,2008-3-7,180911128,363091890,245
423,472,1,593,sum,1990-6-7,197846400,347299150,165
424,14,9,649,installing,1998-8-13,195825780,891262431,476
425,73,5,568,infrastructure,2016-6-9,36368910,336866296,461
426,628,6,212,intervention,1995-9-14,84511113,229552159,411
427,647,5,609,possibly,2008-4-24,157605439,995307351,491
428,67,5,449,totals,2010-2-20,137096220,29560730,466
429,89,4,655,waters,1990-6-18,16164986,408805736,202
430,369,1,699,established,2016-9-18,98979003,921112773,272
431,692,3,64,context,1994-9-5,190790015,914042987,243
432,468,7,453,bone,1996-9-20,127202228,160849089,172
433,907,8,954,ii,1999-10-1,153533688,701684691,361
434,831,5,531,booking,1999-10-24,126685901,499453074,392
435,722,6,390,os,2013-11-7,75820261,238929050,495
436,749,3,971,showtimes,2006-11-16,61327842,161289825,376
437,590,1,631,application,2015-1-2,25913237,197526344,370
438,915,2,3,kg,2019-9-23,43330416,877024213,310
439,342,4,279,java,1990-10-25,116868785,990399383,378
440,62,3,76,pdf,2014-10-24,73095849,509773443,295
441,407,4,480,bearing,1995-9-19,238344745,478270555,290
442,573,1,984,posting,2001-4-24,77238901,871135606,345
443,962,1,829,sexcam,1997-2-2,151747674,218920821,494
444,140,2,430,tests,1992-11-9,129089434,986220954,282
445,416,2,138,throat,2003-4-23,135648739,948030370,196
446,444,4,501,committee,1998-12-25,12474502,674946149,155
447,227,8,797,fits,2004-2-26,90105198,669515742,280
448,242,7,924,beer,1992-4-7,243243524,245049615,217
449,769,6,807,secondary,2001-6-21,212325571,724598453,451
450,825,1,737,trouble,2005-4-27,33985487,856440826,208
451,663,8,733,behind,2017-1-23,64710711,428808877,364
452,853,4,452,booty,2012-9-6,22795207,574209143,414
453,874,9,693,disk,2006-1-4,193452088,515430062,498
454,923,9,15,yes,2010-4-2,168308751,548750371,239
455,739,7,94,tagged,2002-10-2,93703985,442133367,163
456,458,4,383,vacations,1992-9-28,32375828,438339070,353
457,867,8,578,argument,2007-11-13,88850282,751803714,264
458,731,2,616,heat,2014-2-11,195170773,356835367,199
459,820,1,553,includes,2003-7-13,157198503,918511219,316
460,339,1,510,missed,1996-8-2,196232737,57121224,287
461,894,7,235,options,2006-8-9,126073949,360159672,458
462,225,5,266,together,2009-2-26,191563330,318016676,497
463,334,5,797,refinance,1998-5-17,127714059,665681049,223
464,599,8,836,arrangement,2018-11-1,95810932,48258501,189
465,94,9,868,nationwide,2011-10-7,131450738,501813275,446
466,567,3,5,vertical,2011-11-27,75438704,852158160,243
467,376,6,493,iii,2005-10-25,167704231,462538613,393
468,742,4,795,unless,2016-3-5,191280709,204608120,365
469,613,2,778,budget,2000-12-7,85485246,171487262,375
470,883,6,796,lounge,1995-5-24,173545631,291745252,323
471,665,9,499,publication,2009-1-11,66106684,826367955,221
472,3,4,219,parent,2010-2-16,44841149,792037013,272
473,700,4,847,red,2000-7-8,157175320,760671982,415
474,175,2,270,amy,1990-11-4,210972544,29431061,316
475,798,3,83,highlights,2012-6-8,155034551,449783809,451
476,412,6,92,blocks,2001-9-17,34076252,343776002,210
477,878,9,979,saudi,2008-7-22,46406781,975967571,299
478,144,2,911,daniel,2018-2-14,102807835,843125089,406
479,48,6,436,victoria,1998-5-19,81412167,844250458,294
480,303,5,411,carriers,2018-1-11,74561132,199802175,286
481,351,1,121,voip,2020-1-5,45626310,327665216,157
482,813,3,291,schedule,2002-10-6,173344285,224319138,323
483,474,9,365,write,2011-6-16,184840898,324057685,302
484,365,3,946,long,1990-4-27,99133145,699264422,207
485,321,4,868,jokes,2017-3-28,5215981,55083144,414
486,911,9,986,although,2018-12-16,75054621,803502764,493
487,795,2,426,airline,1999-8-19,99258434,855309602,347
488,819,3,178,benefits,2017-11-20,102524545,148694196,224
489,81,9,774,basketball,2004-12-24,30425453,904439330,250
490,333,7,127,pricing,2017-6-27,39144954,663978539,162
491,222,4,524,pad,2016-2-7,141693967,349894221,164
492,959,5,38,assist,2017-9-22,158471015,37924032,290
493,288,9,981,guide,2013-3-25,114963933,465810946,442
494,172,9,394,external,1998-5-3,84519808,813746265,449
495,325,7,450,equipped,1991-7-27,241768644,551515599,485
496,186,6,763,might,2007-1-12,96746893,266666261,297
497,310,4,561,mexican,2004-9-23,125645997,849792590,376
498,875,8,943,na,2017-1-5,67824420,336787034,399
499,91,4,279,sealed,1991-10-14,41541426,559761886,367
500,788,6,428,header,2018-7-6,113066595,86256476,302
501,102,5,562,static,1999-8-7,186985707,163018602,261
502,266,2,913,coding,2000-8-16,212314983,611560821,231
503,100,9,512,practices,1998-8-14,8905455,277010340,196
504,953,2,269,ideas,1994-12-12,124838646,819678756,243
505,587,4,910,lookup,2019-9-14,235162453,184578346,208
506,763,1,684,polyphonic,2008-2-6,120870333,642778200,278
507,495,7,603,force,2014-8-10,181922324,586572460,426
508,591,7,109,babies,1994-4-8,188272909,383589187,240
509,524,3,950,script,1995-1-20,182667445,959714462,210
510,442,5,727,britney,2014-11-9,101432522,691999151,294
511,398,7,594,contributed,2013-2-3,34580696,125606365,351
512,751,1,1,whole,2006-7-1,237973899,563421799,391
513,516,5,27,ghost,2000-8-6,139802909,711128028,497
514,704,1,211,interior,2002-5-17,240641173,609556241,192
515,695,5,997,appreciate,2004-6-23,105099364,659138779,463
516,118,2,111,engineers,2002-2-22,149575996,160612689,313
517,969,7,96,taking,1997-12-16,58159566,353627877,309
518,718,8,90,listing,1991-4-3,209217671,74775911,181
519,504,8,69,bulletin,1996-2-25,152775470,257528590,348
520,710,9,178,consult,2000-7-8,59995298,620293728,218
521,910,8,249,helps,1999-10-23,135586453,129350152,180
522,111,4,280,closer,1996-10-3,25849566,472480385,289
523,431,4,149,ukraine,2002-3-17,73333285,768864496,158
524,12,1,594,question,2020-4-7,95977494,499942130,490
525,7,6,712,prefer,2017-11-27,132043721,231446205,270
526,569,7,642,ai,1990-4-16,82534551,869370169,249
527,783,9,865,jurisdiction,1990-11-26,179191946,648103353,382
528,800,7,11,headset,2003-12-21,245715224,16146038,320
529,640,2,905,password,1990-5-15,204558251,185990348,366
530,137,7,562,chronic,1995-5-5,135102284,615096395,489
531,498,4,418,sexcam,2017-1-10,114481887,660394755,239
532,973,3,835,ports,1999-4-11,232821906,112498294,474
533,236,2,550,abstract,1998-5-21,98049762,492414988,222
534,314,8,992,attraction,1992-11-14,85747255,826784111,373
535,961,2,336,opera,2002-6-12,237815047,37395651,254
536,637,8,356,days,2009-10-22,82626766,189826293,295
537,678,6,602,party,2014-1-27,115328047,957470956,241
538,643,3,441,passenger,2013-12-11,104470638,478534396,167
539,890,7,358,william,2000-5-25,113549065,745385902,420
540,603,2,730,drawn,2014-5-22,29849941,154274669,187
541,650,2,219,together,2010-4-2,148538454,25447358,307
542,263,5,64,paid,2011-12-19,139353124,703557022,257
543,888,2,642,timing,2003-2-17,201922604,778987086,420
544,757,4,955,plug,2016-8-7,192828688,426172913,461
545,467,4,997,trips,2013-6-18,224399916,517456942,274
546,913,9,543,lakes,2006-8-23,186082258,644617086,162
547,143,5,16,scope,1998-7-19,45996067,579369884,484
548,789,4,101,suicide,2003-10-17,192620436,36754067,236
549,999,5,979,powerful,2017-3-12,210354295,247534159,482
550,5,2,584,sterling,1999-6-27,181630812,26219265,283
551,505,4,824,mechanisms,1997-6-7,172407969,599515702,394
552,729,9,530,engineering,2009-8-28,112256972,415429917,294
553,592,1,60,theft,2020-9-11,106598050,748555685,184
554,756,7,401,perform,2016-2-3,8483730,60625103,250
555,75,8,778,revision,2004-11-20,117955832,688631061,389
556,13,1,827,detail,1991-10-16,85012431,842114067,193
557,852,1,626,pleasure,1995-4-26,18893309,340490436,483
558,968,7,997,extension,1999-3-12,148301260,210912862,257
559,562,6,583,vary,2015-11-25,217621757,328562610,235
560,901,3,228,simulation,2000-12-7,166637156,119953673,330
561,600,7,995,polls,2003-4-25,172874413,243228639,220
562,27,8,925,donations,2011-11-25,69257634,946759967,486
563,292,7,264,greek,2018-5-6,134241989,34317326,229
564,202,2,906,yoga,2013-10-16,169860192,721057575,439
565,834,2,425,shoulder,2018-7-18,140958247,544210796,472
566,575,5,753,explains,2014-10-24,161816507,608114125,404
567,580,2,32,pool,2005-5-2,82439462,840641371,342
568,181,9,945,icons,2001-6-18,82886806,720615247,155
569,57,6,141,combination,2006-12-15,42382647,155460342,223
570,372,8,480,few,1991-12-15,11140793,186024064,248
571,511,3,439,faster,2014-12-14,97682475,449310943,477
572,597,5,220,info,1995-9-6,215992045,197409842,445
573,425,7,426,should,1991-7-6,167713734,555989325,262
574,856,3,33,pharmacy,2014-3-22,121060568,272186788,258
575,510,6,206,coming,2020-4-21,160848537,494476383,290
576,55,2,481,by,1994-3-21,213585033,844962313,319
577,764,3,269,authors,1990-7-13,24473206,930259164,361
578,335,7,50,chile,2016-5-3,58591101,992952683,288
579,985,5,252,consolidation,2018-10-18,231704446,509614343,362
580,69,6,408,express,2013-4-6,157950621,886675099,237
581,866,5,938,officer,2010-3-17,63991322,79839946,438
582,543,1,166,leaves,2018-1-13,29985093,680049349,206
583,463,4,33,festival,2006-12-18,143935461,677472308,191
584,839,1,859,indoor,2006-3-22,140498512,847641851,480
585,536,3,553,sir,2005-7-7,54136695,962317272,343
586,446,1,735,must,2002-4-23,159953988,568547616,409
587,204,2,774,credits,2008-10-20,241117983,428125720,212
588,358,8,858,recommendation,1991-7-8,101755790,388065323,322
589,916,7,752,nl,2016-9-11,5544071,924205034,172
590,426,7,981,french,2016-11-8,244217653,333944683,376
591,601,4,435,visited,2000-6-9,6061012,447754077,445
592,832,5,262,values,2006-5-7,244809646,942701300,206
593,744,2,712,limits,1994-12-25,216481152,548684839,482
594,60,7,896,across,2013-5-9,97405046,128694911,331
595,963,7,224,boxes,1994-8-25,159925940,766251010,351
596,383,9,885,pill,2004-9-19,60310575,266271572,386
597,714,1,319,brands,2015-1-6,176812970,789127563,480
598,750,2,493,marked,2005-6-16,213483370,387201714,449
599,308,2,652,cell,2009-10-5,123142642,832953234,184
600,683,7,595,random,2008-3-14,200652050,601684286,215
601,221,7,16,toronto,1997-1-2,192690148,48906359,174
602,632,4,696,meat,1991-11-22,244725112,173352687,318
603,169,9,995,horse,2010-10-21,67080740,506887869,495
604,283,6,220,relations,2011-1-12,209665364,669202874,491
605,32,2,534,need,2002-11-2,136845564,770236360,446
606,858,2,90,feet,1999-3-6,176592918,133145289,441
607,829,9,231,orientation,2020-8-24,201439577,901133880,316
608,436,4,654,equally,2015-2-28,235106336,349350652,299
609,228,1,61,org,2019-12-23,33125457,345357529,469
610,17,6,850,forgotten,2008-5-16,152461142,166861491,343
611,712,8,515,cancel,1990-8-16,202939897,748574293,161
612,366,3,348,complaints,2003-9-14,145700929,244272521,234
613,275,8,478,motor,2002-7-19,105891248,293755790,260
614,586,2,262,expensive,2011-1-27,48569346,441485027,432
615,807,2,120,vol,1998-8-28,245686649,121528937,399
616,709,1,129,cum,1998-6-2,153415322,51538819,190
617,833,1,43,associations,2014-5-1,242863125,66301859,374
618,531,3,155,conditioning,2016-10-20,225577503,894583488,450
619,33,1,721,midnight,1994-2-13,178497747,201450011,322
620,662,9,936,without,2001-6-7,35719603,999536682,316
621,698,2,336,spectacular,1997-8-10,126782943,744357291,369
622,551,9,765,msg,2010-6-18,2035185,594288914,217
623,948,7,15,wow,1994-4-23,190182665,258872948,249
624,737,4,298,consistent,2018-6-14,119402352,216939139,278
625,478,4,879,guidance,2006-1-20,72055507,941219525,500
626,995,1,220,logical,2009-3-14,86314932,32178257,296
627,649,1,515,aspects,1991-2-20,185707995,760370591,446
628,616,9,595,ai,2004-1-14,89382709,9683701,161
629,593,4,654,rough,2018-9-16,90863360,938085562,235
630,428,2,77,oriented,1998-10-24,48902926,413611281,179
631,382,3,796,advanced,1997-1-15,118522444,619135322,157
632,253,9,195,decades,2016-5-26,201109705,267612797,226
633,238,5,687,politics,1995-1-10,86023665,194564276,306
634,930,3,182,meta,2006-5-27,235100625,95609506,287
635,200,6,699,institute,2009-3-17,151748254,437205913,452
636,64,9,835,gallery,2017-9-1,99412406,217050040,436
637,300,8,602,projects,1991-1-5,222533395,838114827,433
638,557,1,765,pricing,1993-12-16,193581536,529679781,154
639,598,6,93,resume,2014-1-26,124970825,910179863,310
640,851,1,50,magazines,2006-3-16,162264079,298348480,260
641,191,9,493,offered,2005-3-1,231708384,227200224,486
642,844,5,885,combination,2009-12-11,175386311,770605591,177
643,958,6,790,offer,2006-8-25,59375456,171052694,432
644,776,4,61,big,2008-7-25,214514424,533217314,360
645,615,6,584,load,2006-10-26,21574178,748294499,500
646,224,5,990,op,2014-11-17,229737748,297404046,440
647,19,3,568,revised,2014-8-24,199012345,506546480,399
648,955,1,734,coins,1991-4-13,84544759,537852667,416
649,448,3,595,drunk,1999-3-2,138163317,830136667,388
650,775,1,631,drinking,2013-1-19,106692562,283550887,272
651,759,7,932,subjects,2011-3-27,184621451,406800603,287
652,548,1,146,if,2010-10-6,42030407,886676258,415
653,269,7,696,sexual,2018-2-2,39168927,646018165,368
654,469,2,696,buttons,2007-9-11,231741731,564108198,388
655,418,4,745,shock,2006-9-17,86909535,475958037,296
656,357,8,896,career,2007-9-3,172143280,969020921,278
657,405,3,812,mortgages,2006-12-11,105400463,744462101,266
658,439,3,544,column,2018-10-14,163697468,667321835,409
659,317,1,979,mechanism,2012-5-20,69054893,116344612,332
660,938,8,589,roberts,2002-10-26,190491853,382472138,181
661,336,1,546,data,2012-4-14,71168319,757270869,307
662,332,8,989,border,1990-4-17,30748683,884425822,292
663,634,9,550,drum,2004-11-10,42899010,91699139,217
664,904,8,178,reason,1990-7-27,180363200,98274327,444
665,794,3,449,opened,2017-2-4,248624504,902787069,181
666,512,5,534,curriculum,2004-10-4,174155119,911764756,294
667,811,7,745,hispanic,2001-1-15,92597708,92616385,435
668,992,1,129,facilities,1990-9-1,147420859,389861130,364
669,98,7,604,website,2008-4-14,143613230,822596539,370
670,979,3,723,promise,2014-8-9,57394041,240780284,171
671,164,1,391,moves,2000-2-27,123354418,78934706,407
672,28,9,523,ethical,2020-12-16,116877599,727677728,330
673,835,5,150,alerts,2014-6-14,67330099,388866614,162
674,847,2,735,display,2018-10-16,4403728,29507256,383
675,480,5,92,sectors,2003-1-18,113080323,506407427,178
676,932,9,79,specification,2008-4-7,194912415,640014871,443
677,278,7,687,current,2009-8-8,132179460,672681795,410
678,711,1,778,basically,1995-9-23,224939727,93913699,175
679,209,8,656,worker,2015-4-16,93445502,85146146,316
680,83,1,960,say,1998-7-28,7356256,986052607,260
681,392,7,854,played,1996-3-3,10107046,213039625,405
682,50,4,541,reporting,2012-12-17,124877155,779961390,447
683,836,2,226,hard,2007-5-13,112289528,141179487,442
684,635,9,349,math,2004-12-20,153757457,454014299,222
685,239,7,550,bs,2002-2-18,50230851,70322940,355
686,895,5,685,talking,2020-12-6,96151208,789422754,218
687,404,3,681,usual,2005-5-10,158967735,416273540,409
688,180,8,293,notify,1990-3-23,214409251,69481095,164
689,251,3,15,percentage,2007-3-23,232322440,471553679,310
690,452,9,166,now,2017-10-18,146614941,924222316,283
691,15,4,315,deadline,2019-9-7,133284396,397601032,190
692,433,6,493,du,2014-3-4,65449813,982780128,267
693,989,5,492,accessories,2016-7-6,132102675,555881690,183
694,945,8,694,registered,1996-9-4,221509993,146811666,456
695,790,2,434,complaint,2007-9-6,40979510,494468959,475
696,771,9,865,financial,1997-3-8,20781046,909387448,211
697,470,7,778,shots,2000-9-25,132150013,358450980,418
698,806,2,734,insert,2011-5-1,169233304,551024024,411
699,602,7,297,guidance,2015-9-8,173480777,541532178,356
700,509,3,841,indianapolis,1992-2-12,166885038,722749535,265
701,286,1,950,ruby,2001-1-9,167475052,916122388,345
702,390,9,627,policy,2000-11-2,103974903,805810435,334
703,397,3,379,skip,1990-3-7,217393162,822451889,420
704,684,6,401,educational,2000-5-21,196765690,693898032,361
705,384,8,291,regardless,2007-11-20,70267371,314031796,163
706,361,6,23,app,1995-7-10,247917652,983792313,383
707,905,6,249,hole,1999-2-3,135332759,365647629,164
708,274,8,22,columbia,2014-3-15,105549981,226191448,191
709,879,8,499,sole,1993-3-5,38850954,479533975,200
710,642,2,997,reception,1990-7-4,4136504,389666413,278
711,730,9,830,res,2007-5-25,70307824,289427945,346
712,656,9,493,updates,1999-6-3,203221621,771845204,322
713,768,4,58,occasion,2016-11-2,200846555,912382363,168
714,270,4,259,business,1990-1-14,55727437,418429136,278
715,525,3,226,hell,2015-11-4,236386369,782196633,203
716,986,7,213,agencies,1995-11-21,206030914,60567846,205
717,946,1,189,jamaica,2010-4-14,139416924,821737977,171
718,735,8,254,gaming,2008-4-25,50988377,923238818,404
719,984,9,921,showed,2013-2-25,2826016,860552751,273
720,401,1,348,count,2001-5-6,208698215,577202367,257
721,565,5,373,rest,2014-2-1,221213769,385910377,291
722,329,1,402,painted,2011-7-12,24155365,976439504,361
723,687,5,101,diary,2011-5-28,198832776,890553167,228
724,514,6,778,context,2009-4-25,125954995,6121747,405
725,226,1,201,templates,2011-5-8,69267635,748063474,221
726,146,1,492,torture,2010-2-21,245940727,29378681,373
727,814,7,627,platforms,2020-3-27,226865934,987858711,454
728,865,3,441,rap,2004-10-1,217668287,392154975,350
729,374,4,349,coverage,2013-12-22,138971875,820586241,420
730,990,6,63,copper,2015-1-20,89093859,389293631,306
731,917,7,378,been,1999-11-7,85103094,759322247,256
732,273,2,772,forgotten,2006-3-2,249087927,883867750,476
733,213,7,96,developed,2019-3-13,85853250,922098419,159
734,748,2,796,revealed,2017-7-22,38111851,344780174,195
735,166,6,61,desired,2015-7-11,67549939,351188591,202
736,279,6,113,sing,2006-2-26,106836558,419508669,488
737,350,7,31,beyond,2004-1-24,57106126,635052633,389
738,734,6,972,pieces,2017-8-25,12125712,325061257,207
739,298,9,896,england,2019-10-23,27356724,910955472,316
740,549,4,568,doll,1995-10-1,102802143,505242348,299
741,441,2,138,height,2009-9-23,238339053,592880999,215
742,61,4,659,essential,1992-12-3,137625754,727026118,302
743,595,5,59,powder,2006-1-11,71981346,41325555,494
744,305,9,991,correct,2012-11-2,27840819,496908119,457
745,515,5,830,format,1992-7-24,83162343,658187037,355
746,65,5,187,politics,2016-2-5,86089771,269706118,207
747,827,4,96,hill,2020-11-13,208252004,827790461,205
748,670,7,497,around,1995-1-23,243418654,59684928,495
749,255,3,553,introduction,2003-10-19,238460791,191876427,345
750,812,3,232,thai,1998-7-14,129069864,517949908,238
751,758,7,141,beastiality,2013-4-22,4566475,424911371,354
752,400,2,232,linux,2019-1-1,222294369,375801884,179
753,77,9,232,sugar,2019-6-8,191217464,817557875,435
754,568,6,92,evidence,2014-5-18,151785274,118588465,357
755,850,7,293,wire,2002-11-15,8638808,156978240,489
756,481,4,631,out,2000-4-27,13181582,641334130,300
757,212,5,685,sought,2020-11-14,18429481,755659726,302
758,277,8,1,publications,1996-3-25,147956608,743865821,427
759,671,1,721,cloudy,2010-1-28,182262126,542230714,399
760,51,8,411,england,1993-8-6,9142595,468621879,249
761,546,4,394,classic,2014-12-24,161208782,923726034,163
762,58,5,234,pleasure,2014-2-27,93144465,222407250,195
763,553,2,604,heard,1998-2-10,65298150,953421799,153
764,561,1,694,nature,2014-10-27,62620533,975483981,382
765,681,2,721,annual,2014-7-19,216835957,10064065,337
766,497,3,676,framed,1991-10-23,78738384,186664007,249
767,583,4,42,business,1996-1-27,19323475,868620794,422
768,464,3,896,trek,1995-11-27,64847019,184164769,306
769,110,9,309,ourselves,1999-1-21,219195803,656892498,263
770,34,9,22,oct,2014-7-26,82481178,477961180,448
771,6,4,380,fraud,2008-1-13,43820265,672119456,451
772,349,4,461,mutual,1997-9-20,104698377,10107320,229
773,198,9,129,select,1993-3-22,208741799,860860551,288
774,869,2,652,hentai,2004-7-19,213936941,143626666,393
775,149,7,311,afghanistan,1990-10-18,15987336,156381743,349
776,413,5,824,cruise,2015-12-28,222673125,655296293,343
777,489,7,987,using,1991-2-14,97362470,402544613,313
778,63,8,694,hockey,2010-5-11,248292233,550815706,247
779,72,3,824,avenue,2018-12-20,159600281,602982915,409
780,530,2,981,calls,2002-12-25,103399110,672410325,467
781,991,8,249,windows,2003-4-28,120762259,666383627,361
782,430,9,943,aluminum,2011-8-9,81061641,540149305,164
783,690,4,584,controls,2013-1-4,70170160,561009920,424
784,356,8,501,largely,1994-8-18,188496794,939167152,182
785,176,7,578,constructed,2016-8-7,223615384,612009934,237
786,696,9,906,fellow,1999-10-4,165856744,597588001,409
787,280,9,139,convenience,2003-11-17,170698592,484955591,436
788,381,9,921,branch,2003-10-23,43343936,69405770,431
789,249,7,443,pot,1995-12-17,123208986,429210450,296
790,624,7,987,swiss,2019-11-14,234309580,109705330,467
791,542,6,16,column,2002-3-27,88078239,317545481,480
792,264,5,408,hawaii,1992-10-15,135791304,347488687,449
793,4,3,113,ja,2007-5-22,239373039,172847720,424
794,262,7,394,completion,2012-10-11,237025744,283606118,199
795,774,7,22,card,2002-3-26,127256756,751361896,166
796,654,3,501,wisconsin,2012-11-4,199051392,687725806,475
797,187,5,997,company,1990-7-7,164894635,866642763,482
798,588,8,93,corn,2002-8-27,229198327,543040254,155
799,299,6,796,neither,2000-11-27,167182350,317366744,410
800,219,5,868,floral,2001-2-19,48115454,719422442,271
801,719,6,977,instead,2020-5-20,163297053,280741367,159
802,368,1,315,speaker,1999-3-20,198932913,597884371,289
803,578,3,92,sold,2017-6-23,245416087,948128138,397
804,76,4,501,washington,2018-12-11,90134095,23219751,482
805,604,3,868,controls,2003-10-4,189663359,793618180,207
806,906,4,842,help,2006-8-12,164015397,307509499,386
807,93,4,427,achieve,1990-5-18,104795208,649878174,232
808,92,6,394,dos,1997-12-23,40662701,848749310,253
809,676,1,659,pixels,2002-2-11,171905249,199892551,500
810,841,7,466,sections,2011-1-20,53970208,939431667,427
811,453,2,220,raising,2005-12-24,3588156,905927994,485
812,271,2,925,offers,2000-7-20,81136941,36358967,241
813,168,6,699,innovative,2001-2-23,2468287,560856450,290
814,997,5,728,nl,1995-8-28,166850266,420570154,188
815,772,6,402,compiled,1994-12-2,73934700,80837538,180
816,891,8,9,cell,2010-4-19,41392761,339647668,449
817,803,9,523,included,2009-7-2,9263098,594831877,291
818,651,7,295,religion,1996-8-22,107929996,717777074,262
819,189,4,629,binding,2009-8-1,43799460,713057095,436
820,22,9,120,went,2016-3-28,23757057,884494046,209
821,631,2,724,southwest,2016-8-5,118823637,173903396,198
822,919,4,147,symptoms,1993-1-19,191687744,187170304,291
823,646,9,594,install,1995-3-22,160387074,200786287,162
824,141,9,594,rick,2015-12-24,173309530,25164131,150
825,523,7,785,eyes,1995-2-9,200760995,883570922,341
826,466,5,723,fees,2019-2-1,6367578,767914314,475
827,309,4,443,compatible,2019-11-19,93383192,722191555,322
828,139,4,550,em,2020-3-19,239665161,354053135,347
829,450,9,109,creator,2014-11-7,232700563,170666586,174
830,201,1,434,during,2019-5-8,248010435,674791159,306
831,626,7,802,editor,1993-2-9,47547848,194820775,458
832,415,3,70,ingredients,2019-11-26,9210505,773346480,451
833,655,6,699,investments,2013-8-18,247479282,658825713,384
834,753,8,954,sick,1993-11-7,126091149,341586786,274
835,435,8,31,foster,2008-10-11,97096783,488650540,251
836,408,4,237,lens,2016-1-9,124261422,38304748,210
837,378,7,338,independence,2017-3-21,44703190,114973496,308
838,936,9,182,defendant,2019-6-20,207550570,443333667,307
839,965,9,544,pack,2007-5-15,125099575,104791768,365
840,206,3,960,how,2010-9-28,194263708,328985669,200
841,689,5,727,producer,1995-1-15,211479951,265565499,366
842,607,4,724,find,2010-3-6,3784382,445658357,197
843,42,4,954,flag,2018-12-25,198597527,755798779,275
844,178,5,660,mint,2014-1-15,52526087,215110975,162
845,11,7,107,organic,1999-6-8,144033200,124633101,181
846,732,9,555,dv,2003-6-10,142476501,935025303,165
847,977,6,160,rating,1998-3-22,34122702,857113310,209
848,79,6,23,loading,2017-9-27,140965692,37504624,167
849,639,2,660,pictures,2018-1-25,181019823,279031130,267
850,685,7,824,variation,2018-12-17,216167241,328940922,495
851,652,4,402,relation,2010-11-28,77638536,408379388,173
852,508,8,660,nc,2015-5-1,212378353,724097626,256
853,391,3,265,destination,2019-10-26,203483884,167114807,419
854,796,2,727,effectiveness,2004-5-23,147066534,309454819,364
855,406,8,449,instruments,2013-4-19,159497766,234767185,370
856,427,8,960,wow,2019-11-15,194189460,10897729,204
857,823,4,501,satellite,2020-8-22,248092677,622846038,245
858,951,2,107,pad,2003-5-1,44153686,716519493,382
859,311,2,244,number,2003-5-22,242971166,567107554,322
860,723,6,571,brokers,2002-5-27,49175562,912678954,264
861,924,7,156,rated,2005-12-21,44138252,528539809,154
862,785,1,290,performance,1991-2-21,90567658,158767069,276
863,552,3,804,doctors,2005-4-10,103779575,932305791,150
864,101,1,234,forces,2003-1-1,149678593,755048193,367
865,90,8,824,transportation,2002-7-3,62535031,843720428,445
866,223,7,885,russia,2001-5-9,135101743,336078033,190
867,195,3,797,bright,2001-3-14,38156511,875425136,489
868,721,4,659,beautiful,2014-2-28,165514631,204637200,425
869,745,5,120,destination,2015-6-17,114401740,793212295,219
870,808,9,903,depending,2013-10-11,34439349,278224338,441
871,297,6,550,experience,2001-9-8,67495955,454055523,321
872,797,4,449,except,2020-4-23,173142616,158831314,392
873,434,3,290,solve,2005-1-3,131148373,372747825,343
874,859,8,584,slot,1993-4-5,100284998,592739835,333
875,109,2,987,oclc,1998-3-21,188392993,483890106,152
876,443,7,373,conversation,2009-3-14,184475824,434778190,419
877,728,7,555,rest,2018-2-28,191469250,56959382,163
878,555,4,943,attached,2019-5-18,36366375,878640251,199
879,896,7,234,montreal,1996-1-27,249876770,391192412,281
880,954,9,237,gordon,1994-4-12,193752521,735580193,204
881,150,5,589,importance,2016-7-20,112175605,521036867,160
882,449,9,826,employees,1998-5-3,55417511,315202824,280
883,156,3,70,respond,2012-12-9,20377765,506688341,333
884,589,2,16,tm,2016-2-14,175645562,9158523,193
885,518,9,519,van,1999-2-20,123181505,30618707,199
886,881,7,925,loop,1992-11-22,31635362,810960384,246
887,184,3,804,transfer,1996-8-23,89914528,736325087,411
888,43,7,399,today,2019-4-17,200277251,163375413,408
889,837,8,541,musical,1996-12-21,85413791,41002955,331
890,31,9,127,consultation,2017-2-24,169891152,998341106,161
891,786,9,903,nylon,1992-7-14,231797685,417098313,260
892,237,2,107,integrated,1999-10-25,217693897,266542512,203
893,733,2,295,prize,1999-7-28,1009109,676390197,157
894,127,3,519,forth,1996-7-6,120724541,86439871,410
895,107,7,843,wearing,2004-6-25,176795895,338037670,346
896,319,1,824,crop,2020-11-23,221209229,470599978,304
897,492,6,804,alice,1991-2-4,149756099,253387870,290
898,659,5,824,marks,2017-9-5,142923371,864562759,474
899,694,6,354,hole,2019-4-3,40628551,511658245,476
900,781,3,337,wow,1991-2-20,86942345,223230073,283
901,59,4,211,accessory,2000-11-18,48120982,397765819,319
902,918,4,857,discipline,2013-11-25,240932985,722394404,160
903,609,9,981,secret,1998-11-26,129162413,632449124,334
904,725,3,752,needs,1991-7-13,219884405,929291239,320
905,254,6,693,tropical,2019-7-19,127843619,239312856,346
906,802,5,550,inclusive,2011-11-12,89152717,896414758,464
907,627,2,290,senator,2003-10-14,205932218,93790468,227
908,693,7,96,antique,2000-7-7,194424000,676603941,262
909,921,7,402,violence,1992-6-1,66218075,307066639,353
910,724,9,752,low,1992-11-2,10929088,302214798,268
911,231,7,868,el,2000-9-20,221178894,940838591,486
912,379,8,534,feels,2001-5-2,31145885,894931702,418
913,971,9,499,vancouver,2000-4-16,185301518,792055772,463
914,337,2,571,surface,1994-11-16,137028534,575933499,270
915,981,8,160,afraid,1997-4-15,192747266,178833939,269
916,903,5,830,marriott,2008-7-9,125974856,808583088,296
917,129,5,38,probably,2007-2-1,127117970,50035449,271
918,121,8,972,lead,2002-1-16,41167587,467035397,344
919,571,7,9,summit,2012-5-12,16941150,667507979,324
920,30,4,244,attribute,2018-5-21,128587681,229582763,408
921,854,7,804,doors,1999-12-18,20960254,987055012,189
922,804,3,232,int,2010-1-12,182283973,565505424,419
923,550,1,544,racing,2011-12-2,194410880,848865370,261
924,235,4,752,switches,1998-11-27,19359052,984156155,489
925,868,2,1,delay,2006-8-8,202516136,224130166,311
926,338,3,972,adjustment,2003-7-10,100392206,243525646,264
927,501,4,950,markets,2016-9-19,221401698,844135315,297
928,826,5,519,coupons,2019-6-28,129590154,411885596,186
929,70,3,966,highest,2014-4-16,246509273,685306008,335
930,399,7,147,classifieds,2018-7-26,59853105,325384525,281
931,218,6,119,searches,2003-6-6,111282651,396439971,164
932,584,9,765,estimated,1999-7-10,214043649,824850434,373
933,461,9,885,sampling,1993-9-4,79761589,416446501,261
934,259,2,778,features,1999-3-20,84999152,217635611,211
935,1,5,373,colombia,2001-7-18,190447357,438936092,407
936,348,5,842,recommend,1996-12-27,185330894,815453681,318
937,534,4,987,points,2007-8-5,74291846,864318066,163
938,960,6,380,crown,1999-4-22,57091691,261860079,486
939,925,4,113,silk,2001-10-27,239985422,806618412,348
940,972,2,155,discounts,2006-1-13,221606856,504833594,228
941,23,1,234,leading,2018-4-21,27838051,557403932,276
942,544,4,943,continue,2018-12-17,182776066,358686757,226
943,291,8,380,perfect,2006-5-21,112303189,703399307,261
944,315,4,252,tripadvisor,1991-7-12,30686641,842099768,461
945,373,2,594,telephone,2017-2-23,14230619,728506031,473
946,138,5,9,immediate,2002-11-20,3660684,156128511,400
947,352,5,411,app,1994-7-14,57894538,69359073,497
948,295,6,160,ski,2014-9-9,7309235,211914328,282
949,970,8,38,pets,2016-11-16,187559722,999314437,417
950,211,5,38,liberal,1994-5-12,110382483,130673666,382
951,411,8,950,breaks,2019-2-2,131262196,153162180,363
952,113,7,252,roll,1998-7-7,240931188,115820671,168
953,943,4,9,outlook,2008-3-4,226544373,615381973,378
954,232,4,843,vt,2019-5-24,45560261,277384928,259
955,16,1,629,francis,2000-11-22,179794408,294834912,483
956,147,3,727,navy,2005-4-17,158165036,216092030,225
957,752,3,830,transport,2005-7-15,66233472,555258904,426
958,96,8,572,helping,2003-10-2,76733472,869391687,169
959,265,9,727,cleaning,2001-6-23,151164688,817543003,246
960,499,7,830,av,2014-9-5,105133629,37489397,301
961,857,1,119,diet,2014-10-3,222997619,1803796,417
962,994,3,244,gt,2005-4-16,187522991,404283494,194
963,778,9,234,mississippi,2000-1-8,33712704,235753192,489
964,824,9,493,yahoo,2002-6-14,21578371,440344816,335
965,160,5,629,looking,2019-5-20,210827676,645903978,381
966,765,8,8,bridge,2016-6-27,3457870,725899410,456
967,519,2,119,sure,1999-8-18,47097300,26055032,274
968,290,3,9,expense,1995-4-13,1307698,793883686,245
969,9,8,660,capital,2007-6-16,163251061,827394226,446
970,950,3,380,write,2006-5-7,28955023,430795610,471
971,220,9,38,chairs,1997-1-9,40132941,349799681,421
972,843,2,244,held,1996-10-12,197273559,455118876,500
973,660,1,572,commercial,1997-9-15,146819960,66650679,182
974,244,5,541,outer,1992-7-8,95694180,141408348,481
975,629,1,394,ge,2003-8-8,183589210,396904451,242
976,182,7,594,exception,2009-10-22,107208812,868455539,455
977,252,9,120,catalogue,2019-9-16,219738305,209683480,218
978,572,1,120,ratio,2019-8-22,228548711,850323722,422
979,493,6,8,reg,2019-6-9,121212808,679654641,185
980,885,4,636,asia,2010-6-12,223526598,166843074,305
981,119,5,354,accurate,2002-1-10,96295155,629976926,462
982,120,5,842,note,2013-10-2,215931117,484419533,168
983,402,9,987,appeals,1995-2-2,134572455,105628017,173
984,8,2,380,gordon,2012-10-15,118945711,993284393,480
985,380,8,727,editorial,1994-5-8,101337802,421981150,154
986,987,1,354,makers,2011-5-15,158113300,537704971,321
987,842,8,293,checks,2012-11-12,174649631,152812404,345
988,966,9,293,respect,2007-2-1,196872857,958971739,304
989,727,9,727,queen,1996-1-25,7648825,507181500,323
990,293,5,293,northern,1995-8-4,94842408,385270869,201
991,38,8,354,role,2001-11-13,100629424,6181972,285
992,155,9,830,successfully,2014-11-14,116014664,71273503,374
993,354,9,541,defence,2007-11-9,200847893,662303149,187
994,594,2,234,surf,2005-6-13,74584475,376835685,235
995,699,6,699,bishop,2004-11-7,244999080,144942446,433
996,541,6,636,diseases,2009-11-22,245296451,555081383,301
997,830,2,636,winds,2003-11-8,242627577,894131912,162
998,234,7,636,experiment,2008-12-19,128592037,557784378,281
999,636,2,394,guard,2005-3-27,181130798,43014179,173
1000,394,1,394,coordinator,2016-2-24,85858083,884989164,444
